_id,_rev,model,owner,battery_health,voltage,current,temperature,timestamp
94fd544dbb192abc8c9c75b1ef35c4a7,1-029ee78a118252a650ae8cb2ba58bf36,Model 1,Owner 27,100,11.55,29.79,27.49,2024-06-13T13:37:30.522117
94fd544dbb192abc8c9c75b1ef35d212,1-c29e8926b78f7186a307e811afdd76d3,Model 1,Owner 28,96,11.95,11.29,30.44,2024-06-13T13:37:31.532541
94fd544dbb192abc8c9c75b1ef35dc18,1-edc449d09f83648c035cb5aaf08978f6,Model 1,Owner 14,89,11.63,36.95,28.09,2024-06-13T13:37:32.548060
94fd544dbb192abc8c9c75b1ef35e9c5,1-1de031170fc5423fdf5edb43c9812e4a,Model 1,Owner 73,70,12.13,23.56,32.79,2024-06-13T13:37:33.567767
94fd544dbb192abc8c9c75b1ef35efe6,1-61b4dea643e40b674297bd49c0045401,Model 1,Owner 51,74,12.95,44.22,31.41,2024-06-13T13:37:34.580343
94fd544dbb192abc8c9c75b1ef35f09a,1-039bfbc7821e0db179b80e665591600e,Model 1,Owner 99,92,14.29,13.74,30.71,2024-06-13T13:37:35.599503
94fd544dbb192abc8c9c75b1ef35f6d7,1-6282f57449576f113adca802bd0e91cb,Model 1,Owner 78,99,12.74,16.92,23.91,2024-06-13T13:37:36.615433
94fd544dbb192abc8c9c75b1ef35f823,1-19abd683025ba4983788701970192286,Model 1,Owner 23,73,14.51,35.6,34.76,2024-06-13T13:37:37.630369
94fd544dbb192abc8c9c75b1ef35fef4,1-f8dd4f272ca6e205d40082a441e181d5,Model 1,Owner 24,89,12.52,26.97,28.23,2024-06-13T13:37:38.642492
94fd544dbb192abc8c9c75b1ef3609a7,1-c09ba95f3ba4cf71d0367fa7aa93a4d5,Model 1,Owner 93,83,12.92,36.53,37.79,2024-06-13T13:37:39.658781
94fd544dbb192abc8c9c75b1ef360f6c,1-a9c4efac89c73f400b6acc3c99d9beeb,Model 1,Owner 85,90,13.54,18.67,24.28,2024-06-13T13:37:40.673543
94fd544dbb192abc8c9c75b1ef360fe9,1-a57a422385c280eb8371f41ed3f75c97,Model 1,Owner 55,94,13.52,31.01,33.76,2024-06-13T13:37:41.689382
94fd544dbb192abc8c9c75b1ef3615b8,1-a984c4f63bbbe3b1a6ae9caba99c7448,Model 1,Owner 41,94,12.27,45.34,39.98,2024-06-13T13:37:42.703346
94fd544dbb192abc8c9c75b1ef361c06,1-0091483572ed765dd127200d5d18aca0,Model 1,Owner 11,89,13.73,25.43,36.14,2024-06-13T13:37:43.723152
94fd544dbb192abc8c9c75b1ef362432,1-839d0ce995225a5da70870f55f214f8d,Model 1,Owner 28,73,11.36,19.75,37.08,2024-06-13T13:37:44.736936
94fd544dbb192abc8c9c75b1ef3630c9,1-3040ea21b1e04cc61522bda24e0914c2,Model 1,Owner 8,88,11.95,36.6,28.65,2024-06-13T13:37:45.749771
94fd544dbb192abc8c9c75b1ef36376c,1-0af16d59f79b2e045fdeed5dd2960702,Model 1,Owner 17,100,13.58,19.87,35.93,2024-06-13T13:37:46.768880
94fd544dbb192abc8c9c75b1ef36452c,1-6f59827f5026b7ad459e647dabe2345c,Model 1,Owner 32,75,12.22,45.49,24.97,2024-06-13T13:37:47.787152
94fd544dbb192abc8c9c75b1ef3649e2,1-91ef445e66bdce32696d1dc23bbf4ed3,Model 1,Owner 26,94,13.45,15.57,33.62,2024-06-13T13:37:48.804597
94fd544dbb192abc8c9c75b1ef364fee,1-75ee360aba384d6864c85627607bce2c,Model 1,Owner 50,87,13.77,39.44,32.78,2024-06-13T13:37:49.822770
94fd544dbb192abc8c9c75b1ef3656b5,1-ad8f376e996455bd2aa0fa94aca99700,Model 1,Owner 3,97,14.55,14.7,21.71,2024-06-13T13:37:50.839142
94fd544dbb192abc8c9c75b1ef365a27,1-2ab5b8bbf8ccd32d54cd4331a234d9b2,Model 1,Owner 51,94,14.68,16.44,36.33,2024-06-13T13:37:51.852254
94fd544dbb192abc8c9c75b1ef365cf0,1-6be012e90528a12f3466606d41d1386d,Model 1,Owner 17,97,13.36,17.21,33.85,2024-06-13T13:37:52.872055
94fd544dbb192abc8c9c75b1ef366be6,1-7f76314386ff32cd3ef71a3284356b64,Model 1,Owner 58,72,12.71,18.27,25.63,2024-06-13T13:37:53.891759
94fd544dbb192abc8c9c75b1ef367559,1-04d2448466dabd87d1c6f01167c9d932,Model 1,Owner 77,83,11.61,33.72,26.91,2024-06-13T13:37:54.905426
94fd544dbb192abc8c9c75b1ef368434,1-7399ac7e77fab8fd2a85bea55fcd6616,Model 1,Owner 72,77,11.36,43.68,30.2,2024-06-13T13:37:55.919570
94fd544dbb192abc8c9c75b1ef368f73,1-67fd5539df2821d05fa151ab6aa67f8f,Model 1,Owner 51,82,14.77,45.28,37.31,2024-06-13T13:37:56.939184
94fd544dbb192abc8c9c75b1ef3695cd,1-c9b201b14ad8cceb091c4e98343ebec6,Model 1,Owner 98,85,13.19,13.67,39.53,2024-06-13T13:37:57.956733
94fd544dbb192abc8c9c75b1ef36a100,1-d991ced55ba61b3595dd84427cfa6351,Model 1,Owner 74,93,13.23,42.08,32.18,2024-06-13T13:37:58.976189
94fd544dbb192abc8c9c75b1ef36b0f7,1-c7d4c5380c4472d630db306df8cb9539,Model 1,Owner 13,70,12.6,18.72,20.36,2024-06-13T13:37:59.990959
94fd544dbb192abc8c9c75b1ef36b9a9,1-cf12388903ae9127a713b714feed24ac,Model 1,Owner 52,91,12.14,30.04,32.17,2024-06-13T13:38:01.001739
94fd544dbb192abc8c9c75b1ef36bf3e,1-fa3813d613c6944215157e89f73f2304,Model 1,Owner 19,86,13.08,44.34,35.62,2024-06-13T13:38:02.013204
94fd544dbb192abc8c9c75b1ef36c91c,1-0d7d3df33c7a76b66585fc3ffb8288bf,Model 1,Owner 13,86,14.07,21.4,30.33,2024-06-13T13:38:03.025419
94fd544dbb192abc8c9c75b1ef36ce3b,1-0a972933563af1b7bb0c47a0211a96fe,Model 1,Owner 36,95,12.52,43.44,21.72,2024-06-13T13:38:04.037659
94fd544dbb192abc8c9c75b1ef36d620,1-d44723dd7b22bcb07440351ae51c9ff1,Model 1,Owner 60,75,13.87,29.97,25.96,2024-06-13T13:38:05.046898
94fd544dbb192abc8c9c75b1ef36e470,1-b6553937d0e4e8d8d9e4fa5c75e9882d,Model 1,Owner 57,71,14.76,41.88,32.74,2024-06-13T13:38:06.064693
94fd544dbb192abc8c9c75b1ef36e700,1-d560a3e064f9d112a254bf9a600e0dac,Model 1,Owner 19,75,12.7,27.4,25.32,2024-06-13T13:38:07.078339
94fd544dbb192abc8c9c75b1ef36e92d,1-5528b8f801af99dac21de1f51cb992b4,Model 1,Owner 87,98,13.02,35.32,25.95,2024-06-13T13:38:08.098418
94fd544dbb192abc8c9c75b1ef36e94a,1-3a5b730e2b642c6d1d1071bf0d200e0b,Model 1,Owner 54,87,11.83,47.08,20.83,2024-06-13T13:38:09.118192
94fd544dbb192abc8c9c75b1ef36f5dd,1-001ffaa86bcd45e376509ca0f207596c,Model 1,Owner 76,71,12.81,40.03,23.02,2024-06-13T13:38:10.132648
94fd544dbb192abc8c9c75b1ef3701e3,1-e1aa347fb9e3557b2ae531a869c05812,Model 1,Owner 62,70,11.72,26.54,39.44,2024-06-13T13:38:11.142372
94fd544dbb192abc8c9c75b1ef37026e,1-f6e70d7a55d71fc678d269f97bd7be67,Model 1,Owner 85,85,14.58,19.44,25.6,2024-06-13T13:38:12.154892
94fd544dbb192abc8c9c75b1ef370f70,1-9e7300eccefa3cf45af38c873c3b4051,Model 1,Owner 60,87,13.8,12.8,20.69,2024-06-13T13:38:13.168676
94fd544dbb192abc8c9c75b1ef371caa,1-2f098ff21d9411322f4c3a7517d20791,Model 1,Owner 21,74,12.66,24.54,29.44,2024-06-13T13:38:14.181296
94fd544dbb192abc8c9c75b1ef372717,1-09d9bdada73a190fb5611107165a77a7,Model 1,Owner 84,88,12.43,17.75,31.25,2024-06-13T13:38:15.191826
94fd544dbb192abc8c9c75b1ef3733ce,1-3e1dd3a80ffa2bef8762cccb14074f37,Model 1,Owner 58,92,12.71,29.13,28.12,2024-06-13T13:38:16.205618
94fd544dbb192abc8c9c75b1ef373686,1-c534fb16ac92f67c810758c86ba8abc9,Model 1,Owner 18,83,14.61,23.86,32.27,2024-06-13T13:38:17.223001
94fd544dbb192abc8c9c75b1ef373f31,1-f4f046be10d9833b6055b4064b77f82d,Model 1,Owner 54,80,13.86,18.77,26.97,2024-06-13T13:38:18.233337
94fd544dbb192abc8c9c75b1ef374695,1-475ad2ca329378b14e0653634abefab6,Model 1,Owner 65,83,11.96,14.89,30.21,2024-06-13T13:38:19.245195
94fd544dbb192abc8c9c75b1ef374a1c,1-05dda14f7aa9885c915914c72fa19cf9,Model 1,Owner 64,98,11.29,33.88,20.33,2024-06-13T13:38:20.261294
94fd544dbb192abc8c9c75b1ef375277,1-d5661ce024910d055df102f0f1829c87,Model 1,Owner 11,93,11.75,16.79,37.01,2024-06-13T13:38:21.278462
94fd544dbb192abc8c9c75b1ef3760e7,1-dbf7b0908e859d2ba248cf331c9bed0c,Model 1,Owner 4,93,11.1,10.38,20.72,2024-06-13T13:38:22.293597
94fd544dbb192abc8c9c75b1ef376a8b,1-9a006b364ee6d9eb8a9902e87dbdfd32,Model 1,Owner 48,72,11.83,22.35,30.91,2024-06-13T13:38:23.314677
94fd544dbb192abc8c9c75b1ef376fef,1-822ef2e3bead2d04d8d5fa362d078cb7,Model 1,Owner 91,87,14.04,44.53,35.3,2024-06-13T13:38:24.330636
94fd544dbb192abc8c9c75b1ef377cf7,1-6ed694f1150da2730bcbfed7b07fa338,Model 1,Owner 84,77,13.27,10.7,35.99,2024-06-13T13:38:25.350518
94fd544dbb192abc8c9c75b1ef378a78,1-921cb6332ffd0a6eb8e467bb30567d5c,Model 1,Owner 91,70,12.44,32.97,22.33,2024-06-13T13:38:26.365886
94fd544dbb192abc8c9c75b1ef37963b,1-34d65f996ebbf9adbb419458042e549f,Model 1,Owner 47,82,12.44,34.62,30.76,2024-06-13T13:38:27.384977
94fd544dbb192abc8c9c75b1ef37a56b,1-c85b25b40562e7584cc5368524684b6e,Model 1,Owner 86,70,12.38,49.12,30.31,2024-06-13T13:38:28.404486
94fd544dbb192abc8c9c75b1ef37afa6,1-a71e70f33ced535855494034f50fd310,Model 1,Owner 24,71,11.22,11.89,23.85,2024-06-13T13:38:29.419046
94fd544dbb192abc8c9c75b1ef37b546,1-d6e4da1e712430bd5a0102287b828a4d,Model 1,Owner 100,73,12.71,19.17,24.87,2024-06-13T13:38:30.431346
94fd544dbb192abc8c9c75b1ef37ba3e,1-54809a3a9672c9a6872878a24e770689,Model 1,Owner 56,95,13.42,33.75,35.97,2024-06-13T13:38:31.443720
94fd544dbb192abc8c9c75b1ef37c1e0,1-02387366004fe596224884d5cce054ed,Model 1,Owner 22,88,11.42,42.88,36.81,2024-06-13T13:38:32.460456
94fd544dbb192abc8c9c75b1ef37c6a5,1-c5fcca9ebb9add0c0e631311e223500a,Model 1,Owner 89,74,13.68,38.0,34.27,2024-06-13T13:38:33.474240
94fd544dbb192abc8c9c75b1ef37d45c,1-dd22a9e3a2a028e2fa4593c24ea886b1,Model 1,Owner 2,95,11.13,41.51,30.48,2024-06-13T13:38:34.494841
94fd544dbb192abc8c9c75b1ef37db7d,1-af6458688a61a9938ec42caade37cfab,Model 1,Owner 37,96,14.7,22.34,23.75,2024-06-13T13:38:35.507123
94fd544dbb192abc8c9c75b1ef37e7cb,1-50f164dd3d5ddd5ceb19b5b21f7c7127,Model 1,Owner 68,83,14.47,48.29,20.42,2024-06-13T13:38:36.522176
94fd544dbb192abc8c9c75b1ef37edb5,1-6acd11af1fe102f2a71839187e520aae,Model 1,Owner 51,79,13.11,30.77,28.73,2024-06-13T13:38:37.541509
94fd544dbb192abc8c9c75b1ef37f446,1-096d25faf5012acf64a01787b3d17468,Model 1,Owner 55,80,13.57,16.51,31.62,2024-06-13T13:38:38.558305
94fd544dbb192abc8c9c75b1ef37f748,1-4385523dc2319a37220915c5f8c01dd8,Model 1,Owner 23,86,11.81,38.81,23.3,2024-06-13T13:38:39.585527
94fd544dbb192abc8c9c75b1ef3801e4,1-50e9545e7a15672a934a6a3c73223b0c,Model 1,Owner 65,88,14.23,38.85,29.24,2024-06-13T13:38:40.601703
94fd544dbb192abc8c9c75b1ef380911,1-579e4c4ad5eca87141134958c77ced3f,Model 1,Owner 21,85,11.37,38.7,23.86,2024-06-13T13:38:41.619769
94fd544dbb192abc8c9c75b1ef3811d3,1-d63c880a0efbae4a1dad48ba863fbdb3,Model 1,Owner 26,96,13.28,18.05,38.23,2024-06-13T13:38:42.635993
94fd544dbb192abc8c9c75b1ef381e3e,1-2873941a2bf0da537d5dddbd9da9a6f6,Model 1,Owner 2,73,11.21,22.82,29.34,2024-06-13T13:38:43.647916
94fd544dbb192abc8c9c75b1ef381ff2,1-cfd6799f84bad9788ebce1f7d160cf9a,Model 1,Owner 46,90,11.19,10.91,31.48,2024-06-13T13:38:44.660724
94fd544dbb192abc8c9c75b1ef38233f,1-d08bc57511821ea588a080d90e6ba918,Model 1,Owner 35,74,13.74,48.08,37.84,2024-06-13T13:38:45.677524
94fd544dbb192abc8c9c75b1ef3827bd,1-9feddeb871dbd0dd6d6e2d4c836f2890,Model 1,Owner 99,93,13.89,14.29,34.72,2024-06-13T13:38:46.691769
94fd544dbb192abc8c9c75b1ef382bcd,1-49b80ea8966f1a63374a29f2dd008e1d,Model 1,Owner 85,77,12.29,47.12,27.11,2024-06-13T13:38:47.706892
94fd544dbb192abc8c9c75b1ef383773,1-ae2d1d698095fe8dc90f5978bc8abd54,Model 1,Owner 37,72,12.02,17.42,34.96,2024-06-13T13:38:48.725910
94fd544dbb192abc8c9c75b1ef384404,1-808d9eb83c53e28a962a191dec78f918,Model 1,Owner 18,76,11.61,38.54,32.6,2024-06-13T13:38:49.743643
94fd544dbb192abc8c9c75b1ef3852d1,1-c07e9856436e982a5af70a6cefc73ab3,Model 1,Owner 79,72,12.04,12.94,38.94,2024-06-13T13:38:50.758886
94fd544dbb192abc8c9c75b1ef38554c,1-d4cbde1b8d57649aa32a5c09488197b5,Model 1,Owner 82,76,13.99,35.19,34.3,2024-06-13T13:38:51.778531
94fd544dbb192abc8c9c75b1ef3863ac,1-94d30f25be7020543feb07cbc34da586,Model 1,Owner 65,87,14.02,28.59,20.75,2024-06-13T13:38:52.795890
94fd544dbb192abc8c9c75b1ef386639,1-a25a7752b91f050d0d40d6680469c307,Model 1,Owner 90,94,13.96,47.54,24.87,2024-06-13T13:38:53.814511
94fd544dbb192abc8c9c75b1ef387386,1-ee91063edbb0339e3f07976373e45a96,Model 1,Owner 11,89,14.24,22.14,27.37,2024-06-13T13:38:54.832888
94fd544dbb192abc8c9c75b1ef387f1a,1-db6731eb76b199079bd20edaf4f5783a,Model 1,Owner 49,80,13.11,17.84,21.44,2024-06-13T13:38:55.848014
94fd544dbb192abc8c9c75b1ef388505,1-43e1a683fce023f6d7f5693212af86d0,Model 1,Owner 41,74,13.06,20.93,34.24,2024-06-13T13:38:56.859833
94fd544dbb192abc8c9c75b1ef389008,1-928af4e208c2b0fde4199f27c2dadf21,Model 1,Owner 59,99,12.99,42.9,36.09,2024-06-13T13:38:57.872862
94fd544dbb192abc8c9c75b1ef389deb,1-6f31e6103720d915ef710571aab9446d,Model 1,Owner 20,85,13.66,35.63,29.55,2024-06-13T13:38:58.881272
94fd544dbb192abc8c9c75b1ef38a62d,1-39551250a3ae565bf73c05f1c3c657b9,Model 1,Owner 78,94,11.81,14.85,23.61,2024-06-13T13:38:59.898151
94fd544dbb192abc8c9c75b1ef38b450,1-cbeba12c8cac2dedc41f53c4905f3656,Model 1,Owner 32,88,12.93,29.23,32.28,2024-06-13T13:39:00.925787
94fd544dbb192abc8c9c75b1ef38bee1,1-92e95d368bcd2a5fbede4d3dc020eee1,Model 1,Owner 75,70,12.84,49.63,38.23,2024-06-13T13:39:01.941800
94fd544dbb192abc8c9c75b1ef38c26c,1-01fd275b17b05ef47729d608c319961a,Model 1,Owner 70,92,13.19,26.22,20.96,2024-06-13T13:39:02.954195
94fd544dbb192abc8c9c75b1ef38c9f8,1-f9fc584c9e86c4af45099d4039b1c895,Model 1,Owner 84,74,14.69,44.26,32.81,2024-06-13T13:39:03.971363
94fd544dbb192abc8c9c75b1ef38cf1d,1-84c1db404a496108c17e1a67ddc1f6af,Model 1,Owner 56,75,14.43,16.64,38.2,2024-06-13T13:39:04.985566
94fd544dbb192abc8c9c75b1ef38d7a6,1-006162c1511686a5feb4abd20d228da4,Model 1,Owner 45,71,11.75,38.94,35.89,2024-06-13T13:39:05.997972
94fd544dbb192abc8c9c75b1ef38d92a,1-2aed0903721154a7bf103cc158090e13,Model 1,Owner 6,100,13.95,28.36,37.45,2024-06-13T13:39:07.015157
94fd544dbb192abc8c9c75b1ef38d9df,1-a13da4a22e5fa1e50b9ac4c8a2319a62,Model 1,Owner 6,85,13.53,30.86,39.68,2024-06-13T13:39:08.029078
94fd544dbb192abc8c9c75b1ef38dba1,1-5ba9e58c9601175192ed23442c11ee19,Model 1,Owner 94,71,14.09,18.03,34.1,2024-06-13T13:39:09.041292
94fd544dbb192abc8c9c75b1ef38e4c3,1-510ad2aba1b44633b04a1965dcfc7c64,Model 1,Owner 22,71,14.26,24.22,20.98,2024-06-13T13:39:10.053765
94fd544dbb192abc8c9c75b1ef38e9f2,1-4da342f180f1e532cd4dbee46d9a5007,Model 1,Owner 64,77,12.86,45.29,24.29,2024-06-13T13:39:11.067561
94fd544dbb192abc8c9c75b1ef38eadd,1-1481fb963e574c7562d06d1d07110541,Model 1,Owner 62,93,11.02,25.73,29.65,2024-06-13T13:39:12.074929
94fd544dbb192abc8c9c75b1ef38faac,1-6e788ca691a6878b6c5ad994794c4dd3,Model 1,Owner 85,80,11.01,37.24,25.41,2024-06-13T13:39:13.087115
94fd544dbb192abc8c9c75b1ef390672,1-9eeb49aeb95cdacbd8f059c83ebe4302,Model 1,Owner 21,95,13.49,18.1,33.89,2024-06-13T13:39:14.105164
94fd544dbb192abc8c9c75b1ef390b62,1-20944b83273406d7da7b13bec8c78855,Model 1,Owner 97,80,12.55,48.96,31.86,2024-06-13T13:39:15.124945
94fd544dbb192abc8c9c75b1ef390d6a,1-ff45c29af0a02c2889d96861eb5234e5,Model 1,Owner 85,91,14.6,30.52,36.84,2024-06-13T13:39:16.137345
94fd544dbb192abc8c9c75b1ef391ce3,1-0221e4d510aa9e5112f750525779e34f,Model 1,Owner 9,96,13.83,38.86,37.29,2024-06-13T13:39:17.149790
94fd544dbb192abc8c9c75b1ef3926e0,1-28a3857583cc323d80223a36b910cc03,Model 1,Owner 53,98,13.1,38.73,29.18,2024-06-13T13:39:18.161916
94fd544dbb192abc8c9c75b1ef3932cd,1-dfa87512d4487b10ae40b5f8d5d31a54,Model 1,Owner 11,70,11.63,19.32,39.15,2024-06-13T13:39:19.179686
94fd544dbb192abc8c9c75b1ef39374e,1-edbb7941cb8a716abb763bfadfd27730,Model 1,Owner 96,87,12.28,49.01,32.06,2024-06-13T13:39:20.194437
94fd544dbb192abc8c9c75b1ef39424f,1-7f8ae75285929a770cbc341eb2090118,Model 1,Owner 7,82,11.79,25.96,25.72,2024-06-13T13:39:21.211217
94fd544dbb192abc8c9c75b1ef394cbd,1-256ea8e9e785de38cbf6da1546b18bfd,Model 1,Owner 31,93,11.84,21.29,32.15,2024-06-13T13:39:22.225395
94fd544dbb192abc8c9c75b1ef3956a5,1-dd2c6198923bef486d1557329a3f37d4,Model 1,Owner 99,96,12.75,39.53,35.34,2024-06-13T13:39:23.238792
94fd544dbb192abc8c9c75b1ef395c8a,1-d127f1b5e412f2fe9b34630eca96f7e2,Model 1,Owner 26,84,13.02,41.82,31.08,2024-06-13T13:39:24.257056
94fd544dbb192abc8c9c75b1ef396a8c,1-bdcd0b169d46c0634e7669eb409779f8,Model 1,Owner 39,84,11.32,23.64,34.32,2024-06-13T13:39:25.273045
94fd544dbb192abc8c9c75b1ef396de6,1-bf0c226835eed575ae254d8e3e246811,Model 1,Owner 67,94,13.49,40.25,27.52,2024-06-13T13:39:26.288504
94fd544dbb192abc8c9c75b1ef397aa2,1-46a134c34d0ed056dda73e677cff491d,Model 1,Owner 95,82,13.58,49.16,31.96,2024-06-13T13:39:27.307474
94fd544dbb192abc8c9c75b1ef398258,1-4dd1af6c313731ea5fed3f1dc02ea8d2,Model 1,Owner 88,96,11.69,13.7,32.56,2024-06-13T13:39:28.325793
94fd544dbb192abc8c9c75b1ef3991b2,1-d0cae8064f141895b5fad0bbfbe2851a,Model 1,Owner 34,82,11.06,49.03,22.03,2024-06-13T13:39:29.344808
94fd544dbb192abc8c9c75b1ef3997c2,1-986483f5eba96ea1e31970aa39b898fe,Model 1,Owner 47,90,12.94,29.13,33.08,2024-06-13T13:39:30.362683
94fd544dbb192abc8c9c75b1ef39983e,1-91ac12af560e4db0851eb50cdecc44e8,Model 1,Owner 40,76,13.5,13.38,32.08,2024-06-13T13:39:31.377446
94fd544dbb192abc8c9c75b1ef399aec,1-b6f680e0d9c22a0214f05c1fbb88cb3e,Model 1,Owner 18,96,14.51,27.92,31.76,2024-06-13T13:39:32.391888
94fd544dbb192abc8c9c75b1ef399b76,1-c64196bc74d7721712d9fa0c3e863ff6,Model 1,Owner 10,73,12.82,19.35,24.28,2024-06-13T13:39:33.408449
94fd544dbb192abc8c9c75b1ef399e49,1-bf6e2d7a7bd1d1544cdaa5886e2039aa,Model 1,Owner 59,91,12.92,25.96,38.39,2024-06-13T13:39:34.462718
94fd544dbb192abc8c9c75b1ef39a0fd,1-cb7ac9acd045565bd61184faa1a47caf,Model 1,Owner 77,88,14.12,23.15,20.11,2024-06-13T13:39:35.475293
94fd544dbb192abc8c9c75b1ef39a3de,1-2d98f3076d17080642fee09a5ab356a1,Model 1,Owner 73,85,11.24,36.21,27.05,2024-06-13T13:39:36.487801
94fd544dbb192abc8c9c75b1ef39b165,1-d8633e30193b3ecf0d185671df37d5c2,Model 1,Owner 74,73,11.82,45.14,32.13,2024-06-13T13:39:37.503984
94fd544dbb192abc8c9c75b1ef39b514,1-c551b557816caf2f20536470c00582b3,Model 1,Owner 17,86,13.74,20.07,32.76,2024-06-13T13:39:38.515267
94fd544dbb192abc8c9c75b1ef39be12,1-c7c4f40aa66bca6f9589c4999a2892bd,Model 1,Owner 100,97,14.29,17.6,35.29,2024-06-13T13:39:39.527888
94fd544dbb192abc8c9c75b1ef39c299,1-af4a2ec8106ebd410ac43331e5f594bc,Model 1,Owner 32,85,11.29,13.51,29.7,2024-06-13T13:39:40.543893
94fd544dbb192abc8c9c75b1ef39d276,1-801f603f584cc819576c1504ee2095db,Model 1,Owner 34,97,11.08,44.32,32.1,2024-06-13T13:39:41.558355
94fd544dbb192abc8c9c75b1ef39d954,1-cc6c8cc06a23711779ac21492603ae48,Model 1,Owner 43,82,13.7,21.53,38.15,2024-06-13T13:39:42.570684
94fd544dbb192abc8c9c75b1ef39e1f6,1-40e6147038c0c79ec935f945b8a6c32f,Model 1,Owner 52,90,13.88,28.5,38.33,2024-06-13T13:39:43.584912
94fd544dbb192abc8c9c75b1ef39e4aa,1-c743c475a6175cf5861ba1a697f31952,Model 1,Owner 19,76,13.79,25.14,33.3,2024-06-13T13:39:44.597987
94fd544dbb192abc8c9c75b1ef39eb2d,1-792c221a21637816d8d3520f27843273,Model 1,Owner 66,99,12.84,46.48,27.4,2024-06-13T13:39:45.616725
94fd544dbb192abc8c9c75b1ef39f3ad,1-e2e7ba231905a30791232cec7750fe79,Model 1,Owner 39,76,12.97,29.49,33.63,2024-06-13T13:39:46.634440
94fd544dbb192abc8c9c75b1ef3a02c7,1-f37b3fb33ffd1f8743b262cf03c9c6a5,Model 1,Owner 37,72,11.94,38.32,29.83,2024-06-13T13:39:47.653565
94fd544dbb192abc8c9c75b1ef3a0558,1-3ac063f8bf4c44702b84175e06a79d3f,Model 1,Owner 87,86,12.28,39.13,26.61,2024-06-13T13:39:48.672715
94fd544dbb192abc8c9c75b1ef3a11d1,1-b121aa61c3e7278826548ef65ecac4d2,Model 1,Owner 41,80,12.97,37.93,21.81,2024-06-13T13:39:49.691123
94fd544dbb192abc8c9c75b1ef3a14a4,1-4034f261ae8c62b7e6d885ed3a8c0af6,Model 1,Owner 50,85,13.48,19.87,26.31,2024-06-13T13:39:50.707659
94fd544dbb192abc8c9c75b1ef3a1a9c,1-318531e20cc066e362961492c87e748d,Model 1,Owner 52,74,12.26,16.55,22.29,2024-06-13T13:39:51.728285
94fd544dbb192abc8c9c75b1ef3a2095,1-0380e33311e37f5265c9bae2efaf3b73,Model 1,Owner 86,95,14.38,14.79,29.85,2024-06-13T13:39:52.747041
94fd544dbb192abc8c9c75b1ef3a243f,1-9e0d31c1ec304dd8db1e1184f91b6e11,Model 1,Owner 34,83,13.16,40.92,39.67,2024-06-13T13:39:53.767697
94fd544dbb192abc8c9c75b1ef3a2b26,1-17e822577bccb49b6c06ca2bc7b9af16,Model 1,Owner 15,95,14.18,26.46,29.59,2024-06-13T13:39:54.784790
94fd544dbb192abc8c9c75b1ef3a2e98,1-1fb7128d23988c0f6004d0cdc31566ad,Model 1,Owner 10,87,14.05,17.04,32.28,2024-06-13T13:39:55.804551
94fd544dbb192abc8c9c75b1ef3a3298,1-24aa7b1b06e2dd5f49783068cb1cecf2,Model 1,Owner 89,97,11.66,25.98,30.85,2024-06-13T13:39:56.817573
94fd544dbb192abc8c9c75b1ef3a3c9f,1-f5fe6aea71cd97e9296e29b5517d7465,Model 1,Owner 64,97,12.04,43.19,28.34,2024-06-13T13:39:57.836827
94fd544dbb192abc8c9c75b1ef3a4709,1-2553ca741c0f558308c904b70f124924,Model 1,Owner 70,81,11.12,11.25,39.14,2024-06-13T13:39:58.850977
94fd544dbb192abc8c9c75b1ef3a4cc9,1-7f04a9e142606db1ede19627952a6845,Model 1,Owner 8,73,13.06,11.47,39.82,2024-06-13T13:39:59.865033
94fd544dbb192abc8c9c75b1ef3a4ff6,1-2487cbb68ab801bd7782bab25169cf4a,Model 1,Owner 3,90,11.4,23.14,23.19,2024-06-13T13:40:00.877929
94fd544dbb192abc8c9c75b1ef3a5ef5,1-eb6302f67dab0d6a5bfbdd8c00f33b91,Model 1,Owner 67,94,11.7,13.93,36.33,2024-06-13T13:40:01.889899
94fd544dbb192abc8c9c75b1ef3a6836,1-ca5b4c7dd990896ccd3049345e238515,Model 1,Owner 91,97,12.5,46.53,32.73,2024-06-13T13:40:02.906061
94fd544dbb192abc8c9c75b1ef3a68ca,1-39ea8000956eba1d62cad307bbc522b3,Model 1,Owner 54,85,12.95,36.5,34.94,2024-06-13T13:40:03.921435
94fd544dbb192abc8c9c75b1ef3a779d,1-91714009e9369fe65e1cc94d0bf542f1,Model 1,Owner 5,92,14.48,31.42,37.44,2024-06-13T13:40:04.936519
94fd544dbb192abc8c9c75b1ef3a836b,1-ef36363c2b5337ead2913f4940e52355,Model 1,Owner 35,89,11.23,49.13,29.55,2024-06-13T13:40:05.958987
94fd544dbb192abc8c9c75b1ef3a88b8,1-1f729599763c6e536130a7475f66b8a4,Model 1,Owner 9,73,11.51,40.6,38.61,2024-06-13T13:40:06.983333
94fd544dbb192abc8c9c75b1ef3a9809,1-8216dd3743195e18dcaf409a74f17db3,Model 1,Owner 49,100,12.33,43.13,20.89,2024-06-13T13:40:07.996819
94fd544dbb192abc8c9c75b1ef3aa063,1-ccc3a3cfce4ceaaacec8ad04292b5cc6,Model 1,Owner 70,79,13.41,14.18,25.21,2024-06-13T13:40:09.008844
94fd544dbb192abc8c9c75b1ef3aa759,1-4f751e2a5b05bda1a303de1b1e9c0362,Model 1,Owner 76,88,14.11,47.72,37.42,2024-06-13T13:40:10.025668
94fd544dbb192abc8c9c75b1ef3ab481,1-ed523509bdb869a5e21cf674c58d1960,Model 1,Owner 40,82,11.02,39.92,24.74,2024-06-13T13:40:11.046304
94fd544dbb192abc8c9c75b1ef3ac1e8,1-090713b658fb7317dcb47ced493f0153,Model 1,Owner 21,76,13.35,24.69,29.88,2024-06-13T13:40:12.064078
94fd544dbb192abc8c9c75b1ef3aca2a,1-95fc52033caa5afb71b54e28dd4abbc9,Model 1,Owner 97,87,11.58,40.44,26.92,2024-06-13T13:40:13.083324
94fd544dbb192abc8c9c75b1ef3acc8d,1-d630b6d92bcb018a833123423f477ea0,Model 1,Owner 2,85,14.6,26.51,35.41,2024-06-13T13:40:14.101043
94fd544dbb192abc8c9c75b1ef3acd00,1-7b7fbd9d219efce83d03f4ce99aeb28b,Model 1,Owner 99,83,12.32,30.79,34.1,2024-06-13T13:40:15.116949
94fd544dbb192abc8c9c75b1ef3ace46,1-733ccd0adc66f53584607b1f34c8c536,Model 1,Owner 67,84,11.45,46.0,31.38,2024-06-13T13:40:16.130291
94fd544dbb192abc8c9c75b1ef3ade3c,1-b732e732e80d624ee69c175474bbf902,Model 1,Owner 26,94,14.3,49.71,21.2,2024-06-13T13:40:17.148218
94fd544dbb192abc8c9c75b1ef3ae1be,1-55266530f29e6f278211e7f8c80a3e63,Model 1,Owner 18,80,13.87,12.95,20.86,2024-06-13T13:40:18.167535
94fd544dbb192abc8c9c75b1ef3aecb5,1-52097fa729533d8cbca920110ada9c09,Model 1,Owner 86,84,14.14,16.33,27.27,2024-06-13T13:40:19.184702
94fd544dbb192abc8c9c75b1ef3af6b0,1-959536e5a370c6eb546d473da5c9ceea,Model 1,Owner 9,74,12.19,44.82,29.69,2024-06-13T13:40:20.203943
94fd544dbb192abc8c9c75b1ef3b0423,1-95aa544da131aea8b9c15554d4b76c28,Model 1,Owner 97,94,13.47,47.71,26.48,2024-06-13T13:40:21.221573
94fd544dbb192abc8c9c75b1ef3b09dd,1-4499b01589128fa19f08f3e5cc9a92d9,Model 1,Owner 60,71,12.48,44.89,23.58,2024-06-13T13:40:22.236900
94fd544dbb192abc8c9c75b1ef3b1574,1-65e4e5c4aa3b8e3a30179ce221073381,Model 1,Owner 22,97,14.05,31.04,34.88,2024-06-13T13:40:23.249776
94fd544dbb192abc8c9c75b1ef3b1b6b,1-79cf6f08c7c3739ac77228f8c9ee688c,Model 1,Owner 4,93,12.45,34.83,33.54,2024-06-13T13:40:24.269886
94fd544dbb192abc8c9c75b1ef3b1fe3,1-a766a3e672d025b4be713c54a33bd1c7,Model 1,Owner 100,99,12.92,36.9,39.52,2024-06-13T13:40:25.290268
94fd544dbb192abc8c9c75b1ef3b27b2,1-11997fca753ea0d8ec72189353415146,Model 1,Owner 29,70,13.54,20.75,21.87,2024-06-13T13:40:26.308699
94fd544dbb192abc8c9c75b1ef3b3069,1-2aba7364c5a998589662c0683654b211,Model 1,Owner 69,81,12.08,22.98,36.53,2024-06-13T13:40:27.327112
94fd544dbb192abc8c9c75b1ef3b3a55,1-a1fe493bbb1f587b0f120c86416453b5,Model 1,Owner 68,76,13.6,44.35,35.21,2024-06-13T13:40:28.347213
94fd544dbb192abc8c9c75b1ef3b4721,1-2eb9e645dd4b61b29ece151943fd5f35,Model 1,Owner 75,89,13.87,23.07,32.84,2024-06-13T13:40:29.367169
94fd544dbb192abc8c9c75b1ef3b51b9,1-ab87c6c8db51b702ff4eb24fd0dd7560,Model 1,Owner 55,84,13.76,26.58,37.3,2024-06-13T13:40:30.386116
94fd544dbb192abc8c9c75b1ef3b538b,1-ef1693f2a1cde617e6fe530a568bf13f,Model 1,Owner 100,72,13.03,13.2,24.05,2024-06-13T13:40:31.405142
94fd544dbb192abc8c9c75b1ef3b6247,1-22e31e1b0f7ea55cf673a9f8c7738b84,Model 1,Owner 66,99,14.74,37.14,28.14,2024-06-13T13:40:32.425080
94fd544dbb192abc8c9c75b1ef3b71eb,1-15858273bc89c5bd40f612f5fac0a135,Model 1,Owner 52,100,11.22,46.66,33.64,2024-06-13T13:40:33.443287
94fd544dbb192abc8c9c75b1ef3b73ee,1-f5e1a75e2a00b37bcda7b55ffd947917,Model 1,Owner 59,71,11.99,48.45,29.51,2024-06-13T13:40:34.462608
94fd544dbb192abc8c9c75b1ef3b8089,1-94e9ba1b3d7c9501db8796cd5da6a35f,Model 1,Owner 85,70,11.52,49.26,24.71,2024-06-13T13:40:35.480751
94fd544dbb192abc8c9c75b1ef3b81a5,1-ddf6479163be667bdf67eeaaba2709a8,Model 1,Owner 44,94,12.25,36.74,23.94,2024-06-13T13:40:36.493541
94fd544dbb192abc8c9c75b1ef3b8805,1-c40d56784e1a65b1ff5d35383aa148d4,Model 1,Owner 67,74,13.49,37.87,34.62,2024-06-13T13:40:37.511243
94fd544dbb192abc8c9c75b1ef3b9075,1-488d08e722a663b988df0a1278424a8c,Model 1,Owner 95,75,13.46,44.68,27.29,2024-06-13T13:40:38.527918
94fd544dbb192abc8c9c75b1ef3b9c12,1-793852fe5ff79e04f5216c8ce2fd30dd,Model 1,Owner 2,91,13.15,32.71,38.05,2024-06-13T13:40:39.547941
94fd544dbb192abc8c9c75b1ef3ba5a9,1-bf2abd7626009baf8394422faec8cb61,Model 1,Owner 4,74,13.91,28.46,25.1,2024-06-13T13:40:40.566750
94fd544dbb192abc8c9c75b1ef3bacf6,1-714e496adb5ed5ace3015286b35c0bee,Model 1,Owner 83,87,13.19,41.06,39.7,2024-06-13T13:40:41.579780
94fd544dbb192abc8c9c75b1ef3bb252,1-b829beb114a559c7ab8a1fb1fdee1235,Model 1,Owner 88,79,11.69,19.42,21.45,2024-06-13T13:40:42.595019
94fd544dbb192abc8c9c75b1ef3bb377,1-5706e8090305d3dca1abddc56f25152d,Model 1,Owner 76,98,11.6,45.46,24.18,2024-06-13T13:40:43.614104
94fd544dbb192abc8c9c75b1ef3bbb32,1-44c0b23f6f001bd0f8482ecb1d57438f,Model 1,Owner 100,74,13.73,13.6,26.12,2024-06-13T13:40:44.631383
94fd544dbb192abc8c9c75b1ef3bc0f7,1-01b0198e4ccd6851c9e20d5c8a253af7,Model 1,Owner 14,82,12.99,17.04,32.82,2024-06-13T13:40:45.650022
94fd544dbb192abc8c9c75b1ef3bc84b,1-906ca724ef1fc6d93ef667b4a554cd64,Model 1,Owner 60,86,11.81,22.94,39.76,2024-06-13T13:40:46.668227
94fd544dbb192abc8c9c75b1ef3bd4ec,1-2c9228e6c24272a299f2356ae73bc2a6,Model 1,Owner 98,85,11.42,22.64,30.97,2024-06-13T13:40:47.687246
94fd544dbb192abc8c9c75b1ef3be18c,1-66f4c7f0d00f709336037bb31b43d6a5,Model 1,Owner 2,75,13.4,24.29,35.57,2024-06-13T13:40:48.704287
94fd544dbb192abc8c9c75b1ef3beb7f,1-7ad056ebd34ee103aa4f33afd0cde51b,Model 1,Owner 42,95,12.83,27.93,33.7,2024-06-13T13:40:49.717551
94fd544dbb192abc8c9c75b1ef3bf3cf,1-968f9b65288eba8aec8ce8669c6ed52f,Model 1,Owner 23,77,11.3,18.67,31.37,2024-06-13T13:40:50.735312
94fd544dbb192abc8c9c75b1ef3bf8da,1-361b5342dcf04b883cd7c3651d9f4ec3,Model 1,Owner 52,90,14.07,40.13,24.79,2024-06-13T13:40:51.753462
94fd544dbb192abc8c9c75b1ef3bf8fb,1-7fb690334c501c757ceac9abed1e5f16,Model 1,Owner 26,77,13.26,29.89,38.99,2024-06-13T13:40:52.774035
94fd544dbb192abc8c9c75b1ef3bfc8e,1-bd92013bef956cdaf56b13ce859a0bd1,Model 1,Owner 61,73,12.55,17.26,34.32,2024-06-13T13:40:53.789474
94fd544dbb192abc8c9c75b1ef3c0b50,1-8fe773e5a86d974c172a41c22ebc38d2,Model 1,Owner 40,72,12.44,10.31,30.35,2024-06-13T13:40:54.808875
94fd544dbb192abc8c9c75b1ef3c1973,1-a9dc6f7e3ddede8a4fa388df7a6bf11e,Model 1,Owner 24,94,13.92,31.79,35.0,2024-06-13T13:40:55.829379
94fd544dbb192abc8c9c75b1ef3c19fd,1-a9c322bb4286e25207bbc4800ff71c3e,Model 1,Owner 19,72,13.96,25.6,25.21,2024-06-13T13:40:56.844328
94fd544dbb192abc8c9c75b1ef3c2656,1-21b57bd6b83a49a05addeff34329c767,Model 1,Owner 84,70,12.95,10.77,22.85,2024-06-13T13:40:57.864439
94fd544dbb192abc8c9c75b1ef3c2a9a,1-f06e8c4f0a48bffff4ab9f14997caf78,Model 1,Owner 44,71,13.41,18.42,39.85,2024-06-13T13:40:58.885927
94fd544dbb192abc8c9c75b1ef3c30e8,1-0fd42c0151c2c849c0799c501885e4f5,Model 1,Owner 98,81,12.68,31.81,22.1,2024-06-13T13:40:59.906916
94fd544dbb192abc8c9c75b1ef3c3cdf,1-e029966b52a2e05e767b65043ee09ba3,Model 1,Owner 25,95,12.63,27.02,28.73,2024-06-13T13:41:00.920623
94fd544dbb192abc8c9c75b1ef3c41b4,1-a471de0f3336dbc36b9ca4944d703a45,Model 1,Owner 74,79,13.41,19.93,28.62,2024-06-13T13:41:01.938159
94fd544dbb192abc8c9c75b1ef3c452e,1-ce3923399ca20d8ecd503609914513fc,Model 1,Owner 45,70,11.68,35.92,31.8,2024-06-13T13:41:02.957972
94fd544dbb192abc8c9c75b1ef3c52c5,1-c8189c9e12d50ba7508eb709590439c4,Model 1,Owner 81,83,12.88,35.32,36.27,2024-06-13T13:41:03.975427
94fd544dbb192abc8c9c75b1ef3c5375,1-2cbb8d084141b6719a7ac3b7248f06c1,Model 1,Owner 34,81,12.59,40.92,29.46,2024-06-13T13:41:04.995909
94fd544dbb192abc8c9c75b1ef3c56e5,1-b8aeb37c4b9169c8361b1e7486afd852,Model 1,Owner 33,77,13.73,26.83,34.95,2024-06-13T13:41:06.015587
94fd544dbb192abc8c9c75b1ef3c5e28,1-c684ad2aa3bd65781de616d25e045463,Model 1,Owner 79,91,11.22,11.67,27.68,2024-06-13T13:41:07.029544
94fd544dbb192abc8c9c75b1ef3c65c9,1-fdcda85c40efbf0349e23ac512da3bf5,Model 1,Owner 58,81,13.33,27.46,23.15,2024-06-13T13:41:08.048281
94fd544dbb192abc8c9c75b1ef3c71f9,1-0e1df067bdd8fd5b0b2843259a61a9db,Model 1,Owner 20,79,11.99,41.38,28.74,2024-06-13T13:41:09.068713
94fd544dbb192abc8c9c75b1ef3c7396,1-f790ab850f8d0027c6029c9b1f678caa,Model 1,Owner 80,85,12.23,30.36,37.74,2024-06-13T13:41:10.088645
94fd544dbb192abc8c9c75b1ef3c7dcc,1-b5ea42e87bec8966333fbaf279bb6d66,Model 1,Owner 4,70,12.52,25.92,26.51,2024-06-13T13:41:11.107747
94fd544dbb192abc8c9c75b1ef3c8686,1-53b4b29d5b55efc6b8eac457e63e46f4,Model 1,Owner 79,88,11.46,11.39,29.02,2024-06-13T13:41:12.129073
94fd544dbb192abc8c9c75b1ef3c92c4,1-555126c63fc7413a41e050608faa2cab,Model 1,Owner 45,91,14.06,22.91,38.09,2024-06-13T13:41:13.148634
94fd544dbb192abc8c9c75b1ef3ca27d,1-bd7680284948ca6073e112dbd76851d8,Model 1,Owner 55,88,12.91,21.38,21.85,2024-06-13T13:41:14.169359
94fd544dbb192abc8c9c75b1ef3cace6,1-fc373342d5194e245583b82106d063cd,Model 1,Owner 3,98,13.43,33.75,36.21,2024-06-13T13:41:15.183795
94fd544dbb192abc8c9c75b1ef3cafdc,1-515a7f9337985b8f20cc8009774752b3,Model 1,Owner 75,81,13.34,43.77,35.76,2024-06-13T13:41:16.203990
94fd544dbb192abc8c9c75b1ef3cbecf,1-8f0c599cc35ee1165155bf6d2889cf38,Model 1,Owner 77,78,11.23,19.73,39.67,2024-06-13T13:41:17.220603
94fd544dbb192abc8c9c75b1ef3cc0b5,1-45f0e16d67ba6413974485a1874d37e0,Model 1,Owner 30,100,13.36,20.99,26.13,2024-06-13T13:41:18.230272
94fd544dbb192abc8c9c75b1ef3ccf10,1-e6f39f86281c809b6011b05a4c719f8b,Model 1,Owner 88,99,11.91,33.76,37.19,2024-06-13T13:41:19.242116
94fd544dbb192abc8c9c75b1ef3cd6bb,1-fa17f98464ac36818bdf3a2e8d36ff4f,Model 1,Owner 88,81,14.11,23.93,35.94,2024-06-13T13:41:20.258749
94fd544dbb192abc8c9c75b1ef3cdec7,1-24aaf48c9d22f7c9906ed496edf032da,Model 1,Owner 20,70,11.33,44.69,36.26,2024-06-13T13:41:21.278009
94fd544dbb192abc8c9c75b1ef3ce3d6,1-48a0fd30fd372cda9467ee8b39e4b119,Model 1,Owner 66,80,11.82,36.69,28.04,2024-06-13T13:41:22.297882
94fd544dbb192abc8c9c75b1ef3ce532,1-dcd01a2b95c5313b354164e0e9820904,Model 1,Owner 37,81,12.31,14.69,36.14,2024-06-13T13:41:23.314022
94fd544dbb192abc8c9c75b1ef3ced10,1-d9e03fd285168943a17c9388e113bdff,Model 1,Owner 53,82,13.26,15.48,33.48,2024-06-13T13:41:24.332786
94fd544dbb192abc8c9c75b1ef3cfc5e,1-6ec6d34bf895abad66118068903dc3d3,Model 1,Owner 98,79,12.67,23.34,34.69,2024-06-13T13:41:25.351589
94fd544dbb192abc8c9c75b1ef3d01d1,1-b22209f7fac91568f39f39a986e54e20,Model 1,Owner 21,88,12.78,32.0,25.77,2024-06-13T13:41:26.369469
94fd544dbb192abc8c9c75b1ef3d0482,1-4cce4ad385ab2b83bd63bcc7fd2c0dd0,Model 1,Owner 38,82,13.65,35.46,36.25,2024-06-13T13:41:27.386527
94fd544dbb192abc8c9c75b1ef3d099c,1-c33ecea56b73e285346ad4db8a56b7de,Model 1,Owner 67,90,14.53,22.55,21.08,2024-06-13T13:41:28.402860
94fd544dbb192abc8c9c75b1ef3d0c85,1-fb15c66534ac39816ce34162789e2fec,Model 1,Owner 63,81,13.86,19.0,34.93,2024-06-13T13:41:29.419603
94fd544dbb192abc8c9c75b1ef3d140f,1-5e3f8df1ef0bc8fd852c2ed3661eccb9,Model 1,Owner 36,98,13.25,23.74,24.09,2024-06-13T13:41:30.429887
94fd544dbb192abc8c9c75b1ef3d210e,1-7df112571249b0b1f9bcc4b4747f8371,Model 1,Owner 34,80,14.53,14.78,36.91,2024-06-13T13:41:31.440924
94fd544dbb192abc8c9c75b1ef3d2515,1-ccb7f2db65bb591fa2eeeed06708c9f6,Model 1,Owner 56,87,12.67,23.37,24.97,2024-06-13T13:41:32.456061
94fd544dbb192abc8c9c75b1ef3d325f,1-321b81ef23a8df2fad1d66ca101e2aad,Model 1,Owner 35,75,11.1,26.34,22.91,2024-06-13T13:41:33.475041
94fd544dbb192abc8c9c75b1ef3d4000,1-d574c5e6c2b4f7d7f49bf6037963cc07,Model 1,Owner 97,97,11.76,13.93,29.17,2024-06-13T13:41:34.492164
94fd544dbb192abc8c9c75b1ef3d4f2a,1-887aabcb99365067e4342dd3d79ab245,Model 1,Owner 92,97,12.87,35.91,35.68,2024-06-13T13:41:35.511087
94fd544dbb192abc8c9c75b1ef3d5bcd,1-5849959fa740bdfda3d3da6e962eeefe,Model 1,Owner 69,87,14.28,28.38,29.52,2024-06-13T13:41:36.527818
94fd544dbb192abc8c9c75b1ef3d5fea,1-e1af859c351d78591edb94a2cc371599,Model 1,Owner 36,73,12.19,41.51,28.41,2024-06-13T13:41:37.543989
94fd544dbb192abc8c9c75b1ef3d6793,1-b2a789f5cdac3002813f1b4bd1921c9b,Model 1,Owner 69,97,14.49,19.41,34.92,2024-06-13T13:41:38.562303
94fd544dbb192abc8c9c75b1ef3d6901,1-694fc152f7ac758c69027cb47aafa144,Model 1,Owner 26,71,14.41,43.95,38.43,2024-06-13T13:41:39.580795
94fd544dbb192abc8c9c75b1ef3d7326,1-ccc00990ff2e4f5e7d22bbfc5ba6cec6,Model 1,Owner 36,100,12.32,49.83,39.05,2024-06-13T13:41:40.599634
94fd544dbb192abc8c9c75b1ef3d7fb1,1-48c41bcc3d7855743e7bb6e7d64ff972,Model 1,Owner 14,93,11.68,36.76,31.6,2024-06-13T13:41:41.615067
94fd544dbb192abc8c9c75b1ef3d8ea5,1-121aaffc4cf26fb4cd4f0e78e8806abc,Model 1,Owner 4,74,12.41,24.74,32.4,2024-06-13T13:41:42.629218
94fd544dbb192abc8c9c75b1ef3d9c23,1-76d9623ac9d572c1c55da437a0639457,Model 1,Owner 99,89,12.66,18.05,22.35,2024-06-13T13:41:43.644317
94fd544dbb192abc8c9c75b1ef3daae9,1-20ba7a8687e2d35ee6b1f6fae764344f,Model 1,Owner 19,97,12.22,33.59,32.58,2024-06-13T13:41:44.662810
94fd544dbb192abc8c9c75b1ef3db522,1-f54c5d8788c1dab8ed88e65e2afb4c82,Model 1,Owner 56,95,13.92,35.87,29.67,2024-06-13T13:41:45.675429
94fd544dbb192abc8c9c75b1ef3dbfd2,1-77a5219c20de1305cfbcb056a2d82229,Model 1,Owner 1,78,13.21,26.78,24.53,2024-06-13T13:41:46.693516
94fd544dbb192abc8c9c75b1ef3dc31c,1-3c6ee9ba733266ccd8c33e046a6d2b2a,Model 1,Owner 94,85,12.54,38.75,35.87,2024-06-13T13:41:47.708238
94fd544dbb192abc8c9c75b1ef3dd2e1,1-f3af7cf8fc806f1eb204dc2ebb35f0a1,Model 1,Owner 24,86,11.29,17.59,25.04,2024-06-13T13:41:48.723616
94fd544dbb192abc8c9c75b1ef3dd2f5,1-1bc356fa50eed4732efcc025c7fcc354,Model 1,Owner 4,80,14.21,41.95,31.73,2024-06-13T13:41:49.739290
94fd544dbb192abc8c9c75b1ef3ddde0,1-e04f25aafefe99593453e1026bd95529,Model 1,Owner 71,79,13.96,46.12,21.2,2024-06-13T13:41:50.758289
94fd544dbb192abc8c9c75b1ef3de34f,1-a7b3205cadd291ead4ccba48a886a2ea,Model 1,Owner 19,73,13.46,39.63,25.68,2024-06-13T13:41:51.772262
94fd544dbb192abc8c9c75b1ef3de908,1-01c029cbb25f4995dbdf2449f631bedd,Model 1,Owner 89,90,13.42,37.01,27.05,2024-06-13T13:41:52.790158
94fd544dbb192abc8c9c75b1ef3df16f,1-71fc2da388b5bbff30ac61db0c4beb8d,Model 1,Owner 18,73,11.44,35.26,39.07,2024-06-13T13:41:53.804785
94fd544dbb192abc8c9c75b1ef3dfae7,1-64ecfd5da52e2bffd6ca1ce420f88bec,Model 1,Owner 14,89,13.3,46.62,31.09,2024-06-13T13:41:54.821753
94fd544dbb192abc8c9c75b1ef3dff11,1-c9d9d7f4e7874eb37f827bd156bdd40d,Model 1,Owner 65,97,11.63,28.25,28.85,2024-06-13T13:41:55.838228
94fd544dbb192abc8c9c75b1ef3e08c0,1-f9d46744de3a946f3074dd78b997ed2d,Model 1,Owner 90,77,13.46,38.92,34.23,2024-06-13T13:41:56.854520
94fd544dbb192abc8c9c75b1ef3e1725,1-7de9fcc38912eacee3e96ccefbb29d0f,Model 1,Owner 22,80,14.08,33.99,26.13,2024-06-13T13:41:57.873395
94fd544dbb192abc8c9c75b1ef3e1aa9,1-c87431d81a4ca8317af6eac99671befe,Model 1,Owner 14,88,13.62,34.78,31.04,2024-06-13T13:41:58.892937
94fd544dbb192abc8c9c75b1ef3e2575,1-c49bbd133744d1741ac731c7e4f9a403,Model 1,Owner 10,89,13.0,37.32,26.09,2024-06-13T13:41:59.910351
94fd544dbb192abc8c9c75b1ef3e28ba,1-8b4cabc0bb53ccc61c308b08b480c34b,Model 1,Owner 66,92,12.39,16.34,28.76,2024-06-13T13:42:00.924979
94fd544dbb192abc8c9c75b1ef3e2ff1,1-9d6f4551c3c58d3ec43264d32d4abf60,Model 1,Owner 38,89,13.51,17.26,39.75,2024-06-13T13:42:01.938679
94fd544dbb192abc8c9c75b1ef3e33b8,1-23def601983a5e6f8ec3ef697fa0de4c,Model 1,Owner 79,95,12.91,29.77,27.03,2024-06-13T13:42:02.953508
94fd544dbb192abc8c9c75b1ef3e40d1,1-920279654f625411b569c01498c87d33,Model 1,Owner 25,99,14.59,36.85,29.3,2024-06-13T13:42:03.967919
94fd544dbb192abc8c9c75b1ef3e4e3a,1-dfbd81d88c88e35f3ae1220893c7e1c6,Model 1,Owner 100,91,13.56,43.48,28.76,2024-06-13T13:42:04.981584
94fd544dbb192abc8c9c75b1ef3e5242,1-0274d261cd3c1e4981be5ce7e4260486,Model 1,Owner 65,79,13.44,27.59,22.9,2024-06-13T13:42:06.000978
94fd544dbb192abc8c9c75b1ef3e5dcf,1-643279f6dd972bf9bd77493fe04ce207,Model 1,Owner 2,75,11.35,35.59,28.34,2024-06-13T13:42:07.020161
94fd544dbb192abc8c9c75b1ef3e63d3,1-7dc6050f0af66539719c8f3fa18c280c,Model 1,Owner 15,72,12.25,29.38,25.62,2024-06-13T13:42:08.037793
94fd544dbb192abc8c9c75b1ef3e65d1,1-2c2bef3e8bbfa3b114ec86fc5bb6055c,Model 1,Owner 27,70,14.23,37.95,38.07,2024-06-13T13:42:09.057728
94fd544dbb192abc8c9c75b1ef3e74de,1-2038d5f64e8fc23a3569d659530b30ae,Model 1,Owner 68,71,11.08,30.6,39.65,2024-06-13T13:42:10.073525
94fd544dbb192abc8c9c75b1ef3e7871,1-37f7c150c47644658ba10587e62dca17,Model 1,Owner 89,82,11.52,48.83,38.94,2024-06-13T13:42:11.089483
94fd544dbb192abc8c9c75b1ef3e7bcd,1-7a62c995ca62ca096f12dbd6db8e871b,Model 1,Owner 89,89,12.9,41.2,37.19,2024-06-13T13:42:12.105912
94fd544dbb192abc8c9c75b1ef3e8a49,1-17e27e3141b3c458ad65c12e2d731612,Model 1,Owner 17,70,14.23,43.73,21.77,2024-06-13T13:42:13.125572
94fd544dbb192abc8c9c75b1ef3e9606,1-d06b15027bf5c9426aeac4e5ba5ce638,Model 1,Owner 77,89,14.29,29.14,34.62,2024-06-13T13:42:14.135653
94fd544dbb192abc8c9c75b1ef3e97b5,1-c2bad6107e57d8c3ea1dd3a0a8c6e39d,Model 1,Owner 9,83,11.0,46.13,35.55,2024-06-13T13:42:15.152917
94fd544dbb192abc8c9c75b1ef3ea6b7,1-ad69ee1ddba6da32e5cff59605f6a149,Model 1,Owner 24,82,11.35,21.37,22.64,2024-06-13T13:42:16.170622
94fd544dbb192abc8c9c75b1ef3eb035,1-0a63478a216552a497d16aa6de9ad9c5,Model 1,Owner 47,79,11.29,43.38,34.36,2024-06-13T13:42:17.190305
94fd544dbb192abc8c9c75b1ef3eb8fe,1-e35960f89fe5c63383a6b6b283389a57,Model 1,Owner 70,70,13.72,15.19,28.25,2024-06-13T13:42:18.209449
94fd544dbb192abc8c9c75b1ef3ec0cd,1-685e001007daa46f8f17298407b1594c,Model 1,Owner 11,77,11.99,24.34,37.42,2024-06-13T13:42:19.225476
94fd544dbb192abc8c9c75b1ef3ec3bb,1-7c136c4a6f10dc2d38eda02a98307d23,Model 1,Owner 48,88,11.68,11.0,26.26,2024-06-13T13:42:20.239934
94fd544dbb192abc8c9c75b1ef3ec3f7,1-c752b9fad90ec0a63915343f238a8319,Model 1,Owner 87,70,14.16,11.74,39.97,2024-06-13T13:42:21.249815
94fd544dbb192abc8c9c75b1ef3ed062,1-c740e92134e7921be78a72c64d03a230,Model 1,Owner 59,83,11.92,47.51,31.02,2024-06-13T13:42:22.268436
94fd544dbb192abc8c9c75b1ef3ed2b9,1-2dea66931a92adfbad75552a7166bac4,Model 1,Owner 53,89,13.29,44.03,27.55,2024-06-13T13:42:23.283206
94fd544dbb192abc8c9c75b1ef3ee147,1-574f529743b6896089d36eedbffff44e,Model 1,Owner 32,74,13.0,30.0,27.03,2024-06-13T13:42:24.301174
94fd544dbb192abc8c9c75b1ef3ee3fe,1-6d4dfae0afe0545e1ee73f07975c0f7c,Model 1,Owner 94,71,11.2,14.94,25.76,2024-06-13T13:42:25.315802
94fd544dbb192abc8c9c75b1ef3ee4fe,1-c369bb574dbe09d97e7f308eef473e6e,Model 1,Owner 24,87,14.8,49.29,36.59,2024-06-13T13:42:26.335741
94fd544dbb192abc8c9c75b1ef3ee5df,1-ed3f71b92d5f3fbc40b3b4cd2c433a64,Model 1,Owner 95,78,14.55,27.03,37.36,2024-06-13T13:42:27.352917
94fd544dbb192abc8c9c75b1ef3eed17,1-da431b9c02f79b0c5c7743c9fdccf371,Model 1,Owner 76,79,12.06,48.06,21.03,2024-06-13T13:42:28.372502
94fd544dbb192abc8c9c75b1ef3ef16d,1-04f96b971fe6ae77a109f93d417a470c,Model 1,Owner 47,79,12.87,35.65,25.68,2024-06-13T13:42:29.387272
94fd544dbb192abc8c9c75b1ef3f0160,1-bb4456fb5bc342616df55c8907291686,Model 1,Owner 9,98,14.27,11.11,29.4,2024-06-13T13:42:30.405819
94fd544dbb192abc8c9c75b1ef3f0c30,1-149bb3ce43fecb82d7591d7836a7a910,Model 1,Owner 51,72,14.73,31.05,37.34,2024-06-13T13:42:31.420788
94fd544dbb192abc8c9c75b1ef3f1095,1-a65336f74e2c445a75c5f0139689895b,Model 1,Owner 47,78,14.33,23.16,31.38,2024-06-13T13:42:32.430186
94fd544dbb192abc8c9c75b1ef3f17e1,1-624a167789110018603837efcadeac5c,Model 1,Owner 29,77,14.39,30.19,28.9,2024-06-13T13:42:33.443909
94fd544dbb192abc8c9c75b1ef3f194b,1-adfa4cdee3cad9f26560da673db4a371,Model 1,Owner 79,98,12.72,13.6,26.66,2024-06-13T13:42:34.455333
94fd544dbb192abc8c9c75b1ef3f1c2f,1-136110390e4a167d96f3b5dec6b8be58,Model 1,Owner 16,86,12.66,40.61,25.92,2024-06-13T13:42:35.473404
94fd544dbb192abc8c9c75b1ef3f1e25,1-d3f77b474187a0334febb6ab4a4a013a,Model 1,Owner 37,85,14.6,41.43,35.33,2024-06-13T13:42:36.488622
94fd544dbb192abc8c9c75b1ef3f2bda,1-34fe22a4e9d118b1f62fe8ffb3e75bfe,Model 1,Owner 41,73,11.15,25.94,31.15,2024-06-13T13:42:37.503368
94fd544dbb192abc8c9c75b1ef3f39dc,1-4f037a272ea60ea79eeb06e2346a5450,Model 1,Owner 87,83,14.56,48.63,21.41,2024-06-13T13:42:38.522159
94fd544dbb192abc8c9c75b1ef3f49d7,1-cfd163a679a56f751a26c6242b4aabcb,Model 1,Owner 71,83,11.23,29.37,38.61,2024-06-13T13:42:39.538596
94fd544dbb192abc8c9c75b1ef3f51d5,1-e9b4bd209d2f64de0817db3d2adb5a55,Model 1,Owner 96,95,12.52,28.16,38.21,2024-06-13T13:42:40.555321
94fd544dbb192abc8c9c75b1ef3f6100,1-0f004e105a6bb84b207911c63e4a2f89,Model 1,Owner 88,92,11.47,34.24,38.44,2024-06-13T13:42:41.572138
94fd544dbb192abc8c9c75b1ef3f61f3,1-942c7271c33f49911ef0d6b8c69cc382,Model 1,Owner 7,84,14.46,24.77,29.59,2024-06-13T13:42:42.590900
94fd544dbb192abc8c9c75b1ef3f6ecb,1-54f8aa912ab90f381080e76220242800,Model 1,Owner 34,81,14.04,26.92,38.95,2024-06-13T13:42:43.602214
94fd544dbb192abc8c9c75b1ef3f75e7,1-3991f907b18eb2eafb91360a368f3b00,Model 1,Owner 21,81,13.79,34.77,31.42,2024-06-13T13:42:44.612318
94fd544dbb192abc8c9c75b1ef3f7d16,1-6a4521b53be3895e32f965ae2e987b34,Model 1,Owner 48,87,11.8,19.64,32.21,2024-06-13T13:42:45.621151
94fd544dbb192abc8c9c75b1ef3f82cb,1-da332586e40f0c59d6d7b5193e625464,Model 1,Owner 71,98,14.19,12.78,29.11,2024-06-13T13:42:46.635827
94fd544dbb192abc8c9c75b1ef3f865c,1-6a0fab8b2fd2fa6cebda90465cff2608,Model 1,Owner 61,96,12.96,13.1,23.29,2024-06-13T13:42:47.653479
94fd544dbb192abc8c9c75b1ef3f8caa,1-974ffa98e2b74683ca40b37afb0db4f9,Model 1,Owner 90,93,14.64,10.82,28.01,2024-06-13T13:42:48.664371
94fd544dbb192abc8c9c75b1ef3f9213,1-5b975810da42f57b1de54492bb02f182,Model 1,Owner 46,93,11.51,29.81,30.62,2024-06-13T13:42:49.677868
94fd544dbb192abc8c9c75b1ef3f92f5,1-3e554923a6ef299b0a7f00d66c039e0c,Model 1,Owner 44,77,11.47,28.54,30.1,2024-06-13T13:42:50.694455
94fd544dbb192abc8c9c75b1ef3f9f23,1-b5f6385942499fd67f811fa743d34246,Model 1,Owner 9,84,12.88,19.09,37.45,2024-06-13T13:42:51.708608
94fd544dbb192abc8c9c75b1ef3fac24,1-8c428dc4b289c61db2e122919cca6b1f,Model 1,Owner 10,79,14.27,20.57,29.01,2024-06-13T13:42:52.726294
94fd544dbb192abc8c9c75b1ef3facd8,1-24edff647537c103927c25950698c706,Model 1,Owner 15,70,13.15,49.17,34.75,2024-06-13T13:42:53.739898
94fd544dbb192abc8c9c75b1ef3fb7ec,1-f5704ec9e1a7bce737342e3e22d256cc,Model 1,Owner 6,72,13.33,31.14,38.58,2024-06-13T13:42:54.752616
94fd544dbb192abc8c9c75b1ef3fc515,1-f248c61e9c663c941d932adb89f3f001,Model 1,Owner 52,95,13.43,11.59,33.49,2024-06-13T13:42:55.766193
94fd544dbb192abc8c9c75b1ef3fc96d,1-9b35c01ded63072c395e0adac6b047a7,Model 1,Owner 50,74,12.88,33.66,37.91,2024-06-13T13:42:56.779405
94fd544dbb192abc8c9c75b1ef3fca37,1-69eca06f40859e853e8998f40886ec69,Model 1,Owner 77,93,14.38,43.72,36.47,2024-06-13T13:42:57.794650
94fd544dbb192abc8c9c75b1ef3fd50e,1-a2bc3fdc21044d1a1c04a81cd12c3968,Model 1,Owner 20,72,11.29,26.97,37.92,2024-06-13T13:42:58.807520
94fd544dbb192abc8c9c75b1ef3fe4d3,1-53396d3db1ef15eabca4fb39cd11e207,Model 1,Owner 60,78,11.81,47.22,28.62,2024-06-13T13:42:59.819862
94fd544dbb192abc8c9c75b1ef3fe9a0,1-86a7715d41e96cabcc2245fabd5ce53c,Model 1,Owner 53,82,11.24,18.07,37.3,2024-06-13T13:43:00.836685
94fd544dbb192abc8c9c75b1ef3fefa2,1-f23da0d93f7a6875fd9d6fcaec60967f,Model 1,Owner 46,78,12.36,18.56,27.07,2024-06-13T13:43:01.845553
94fd544dbb192abc8c9c75b1ef3ff27f,1-9fa2037ec86f8e4934bc1daa7c36a462,Model 1,Owner 4,90,12.39,16.0,35.87,2024-06-13T13:43:02.860871
94fd544dbb192abc8c9c75b1ef3ffce1,1-6a844179c30c33b334ae982b6c9e9fb4,Model 1,Owner 64,78,13.46,41.14,38.31,2024-06-13T13:43:03.880444
94fd544dbb192abc8c9c75b1ef400960,1-959d4f511c40615f575ad34d16a82c08,Model 1,Owner 47,95,11.35,30.87,27.42,2024-06-13T13:43:04.892137
94fd544dbb192abc8c9c75b1ef401781,1-b5a83accd00bf25719118244cc5e57db,Model 1,Owner 4,70,13.92,23.55,25.14,2024-06-13T13:43:05.907323
94fd544dbb192abc8c9c75b1ef4019e3,1-37d4f36430186476161ef0de5f8da9e0,Model 1,Owner 22,92,11.32,45.99,22.09,2024-06-13T13:43:06.965828
94fd544dbb192abc8c9c75b1ef4029b6,1-c1565ddb10dcf2a5e17259a873862dbe,Model 1,Owner 26,73,13.42,24.32,36.87,2024-06-13T13:43:07.981363
94fd544dbb192abc8c9c75b1ef403121,1-39f20963e3f92b8f2c69e60d6c00f0ee,Model 1,Owner 4,81,11.35,43.51,30.77,2024-06-13T13:43:08.997913
94fd544dbb192abc8c9c75b1ef40339f,1-aa0502ab26dc690f5e553b8ee6d473d2,Model 1,Owner 63,97,11.44,19.64,39.97,2024-06-13T13:43:10.013499
94fd544dbb192abc8c9c75b1ef404336,1-61d2a2e4c69e61e303b8bac234367983,Model 1,Owner 26,75,12.46,24.31,20.59,2024-06-13T13:43:11.035018
94fd544dbb192abc8c9c75b1ef4051b6,1-57bfb808024180324abdd19fe3054bf0,Model 1,Owner 62,75,11.87,42.18,35.46,2024-06-13T13:43:12.060744
94fd544dbb192abc8c9c75b1ef40545d,1-b6cad3ec066e07820681f51abf8b6230,Model 1,Owner 2,76,14.25,39.97,25.86,2024-06-13T13:43:13.072584
94fd544dbb192abc8c9c75b1ef405663,1-dd739aaaf2ff664ed369fc674cfcf67e,Model 1,Owner 35,84,11.16,49.05,24.96,2024-06-13T13:43:14.090220
94fd544dbb192abc8c9c75b1ef40639b,1-a4c0c766fe26ebb034fd38a21e8763d0,Model 1,Owner 44,84,11.85,13.62,32.58,2024-06-13T13:43:15.097996
94fd544dbb192abc8c9c75b1ef4068fd,1-1d34907fa1eff9f9b4dc2d765e055ecf,Model 1,Owner 91,79,13.79,43.21,38.81,2024-06-13T13:43:16.116291
94fd544dbb192abc8c9c75b1ef4077cc,1-c2f4d2059b6cecdb44931cb0f045daea,Model 1,Owner 16,93,14.14,27.23,22.5,2024-06-13T13:43:17.139973
94fd544dbb192abc8c9c75b1ef407e58,1-5f02f96128e0be942f21996bb539f164,Model 1,Owner 44,78,12.51,31.49,29.35,2024-06-13T13:43:18.155238
94fd544dbb192abc8c9c75b1ef408b7e,1-9f18477ef68f3e9ac387a22fbd460679,Model 1,Owner 92,91,14.3,10.28,26.44,2024-06-13T13:43:19.164567
94fd544dbb192abc8c9c75b1ef40972d,1-c82d5d9bb8c8c777cc998911f97d5dea,Model 1,Owner 40,86,14.0,27.12,26.23,2024-06-13T13:43:20.181095
94fd544dbb192abc8c9c75b1ef40a0fa,1-8de2f4e16d6916ae8de17014fba8d51d,Model 1,Owner 27,86,11.6,36.14,36.83,2024-06-13T13:43:21.194971
94fd544dbb192abc8c9c75b1ef40a0ff,1-00946ebfdfb4578d841f3239587cb20e,Model 1,Owner 60,75,12.51,48.8,35.22,2024-06-13T13:43:22.209220
94fd544dbb192abc8c9c75b1ef40a911,1-7b07a449cddd843f9ad2e3b73024f7a4,Model 1,Owner 80,80,14.11,48.44,20.27,2024-06-13T13:43:23.229213
94fd544dbb192abc8c9c75b1ef40aca6,1-3e046ce3a95179103e1431f78cd2d841,Model 1,Owner 25,93,13.22,14.72,38.94,2024-06-13T13:43:24.247626
94fd544dbb192abc8c9c75b1ef40ba5c,1-c6881b81998325374119557882cef492,Model 1,Owner 88,90,12.09,15.96,34.13,2024-06-13T13:43:25.256630
94fd544dbb192abc8c9c75b1ef40c4cf,1-2ca77c6248949843664b960a542b380e,Model 1,Owner 70,82,12.76,31.84,21.8,2024-06-13T13:43:26.266715
94fd544dbb192abc8c9c75b1ef40c8c7,1-50ebf8328303324f6f1b917f28f4a7ba,Model 1,Owner 76,94,14.06,40.27,22.99,2024-06-13T13:43:27.279755
94fd544dbb192abc8c9c75b1ef40d838,1-375587eb3f466d13695be39c2f57ee52,Model 1,Owner 89,89,12.92,18.32,39.29,2024-06-13T13:43:28.294778
94fd544dbb192abc8c9c75b1ef40e316,1-6c64ad406a2294e694e81367f60183df,Model 1,Owner 82,77,14.4,20.02,32.43,2024-06-13T13:43:29.305154
94fd544dbb192abc8c9c75b1ef40e74b,1-457d87fb7897fe6b885ca690c481646a,Model 1,Owner 38,76,13.42,48.13,30.53,2024-06-13T13:43:30.314633
94fd544dbb192abc8c9c75b1ef40f161,1-f9fe0053cef241f721d0bfb26eb3bcc3,Model 1,Owner 1,84,11.56,43.53,39.77,2024-06-13T13:43:31.329939
94fd544dbb192abc8c9c75b1ef40f8d8,1-826b4c4de06734f9257434e19a152518,Model 1,Owner 53,79,13.71,32.4,23.78,2024-06-13T13:43:32.346485
94fd544dbb192abc8c9c75b1ef40ff43,1-31d8a5198073f6803d23612b4040ebbc,Model 1,Owner 56,95,14.71,39.02,23.02,2024-06-13T13:43:33.364162
94fd544dbb192abc8c9c75b1ef410040,1-de3cbdc91e01b01191fca6063a746510,Model 1,Owner 64,87,14.71,14.45,37.48,2024-06-13T13:43:34.376450
94fd544dbb192abc8c9c75b1ef410e67,1-0bffebc69643ec0dc61d802b9a35f583,Model 1,Owner 36,88,12.85,26.14,34.56,2024-06-13T13:43:35.387103
94fd544dbb192abc8c9c75b1ef4113c4,1-bac1ec26379e57a74b8e0daee35e73a5,Model 1,Owner 7,73,14.66,24.27,28.33,2024-06-13T13:43:36.404205
94fd544dbb192abc8c9c75b1ef411534,1-873ade6cfc7d5603cb480713c1ab751f,Model 1,Owner 49,74,12.35,32.49,23.88,2024-06-13T13:43:37.421939
94fd544dbb192abc8c9c75b1ef4116e0,1-f1e7ab7e7b195837b55a0330486d5099,Model 1,Owner 17,98,14.5,38.6,36.23,2024-06-13T13:43:38.443997
94fd544dbb192abc8c9c75b1ef411b4d,1-56ad2c3b3cc9317ae43030341d35f293,Model 1,Owner 77,74,11.78,48.78,35.85,2024-06-13T13:43:39.504632
94fd544dbb192abc8c9c75b1ef4124d2,1-590a9284a2d586af69cfa3945a3005b4,Model 1,Owner 100,77,11.43,18.32,33.47,2024-06-13T13:43:40.525349
94fd544dbb192abc8c9c75b1ef413253,1-931dbfe91b564a8aa84965ec1004d84f,Model 1,Owner 21,92,14.1,49.9,25.44,2024-06-13T13:43:41.538412
94fd544dbb192abc8c9c75b1ef413a54,1-67a40220794d7991b9e1d02b20f6646b,Model 1,Owner 99,77,12.95,28.96,34.63,2024-06-13T13:43:42.549861
94fd544dbb192abc8c9c75b1ef414392,1-f1a96a1ebfc410f4a2a75546070a7c7f,Model 1,Owner 35,100,14.38,11.14,31.44,2024-06-13T13:43:43.567023
94fd544dbb192abc8c9c75b1ef414cae,1-ced4b674d7214307d47ef92a043795ef,Model 1,Owner 12,76,11.3,49.88,34.15,2024-06-13T13:43:44.588207
94fd544dbb192abc8c9c75b1ef41519d,1-dc021302d687667018972b608bd5e289,Model 1,Owner 5,92,13.61,12.14,24.07,2024-06-13T13:43:45.600666
94fd544dbb192abc8c9c75b1ef415b61,1-e37c968e9e80ed5f95fc50f29d23d3ae,Model 1,Owner 53,79,13.38,14.57,37.31,2024-06-13T13:43:46.628190
94fd544dbb192abc8c9c75b1ef41635a,1-172ac39990d9d2f9af6f98fe43176146,Model 1,Owner 48,97,12.38,38.21,39.75,2024-06-13T13:43:47.653309
94fd544dbb192abc8c9c75b1ef41635f,1-a1fe5c8249be353b1b0ffb51f25d650d,Model 1,Owner 72,94,12.13,34.07,32.38,2024-06-13T13:43:48.675409
94fd544dbb192abc8c9c75b1ef41656f,1-8f5ae4ac604b9d707a9c569964a84668,Model 1,Owner 73,76,11.3,23.31,23.06,2024-06-13T13:43:49.692081
94fd544dbb192abc8c9c75b1ef4172dd,1-6625d65d119a0639b2feb0e1ed7395bb,Model 1,Owner 78,71,12.08,15.98,25.33,2024-06-13T13:43:50.705166
94fd544dbb192abc8c9c75b1ef417d3f,1-1dfa2b5d9a01383fb35d4df55a94df32,Model 1,Owner 99,76,11.34,25.35,30.28,2024-06-13T13:43:51.723977
94fd544dbb192abc8c9c75b1ef418a86,1-8d52c2f59d978790b9bceec278f01722,Model 1,Owner 32,95,12.93,37.02,34.51,2024-06-13T13:43:52.742086
94fd544dbb192abc8c9c75b1ef4197ec,1-5edeb28f1084a287183c64e2c42b6c52,Model 1,Owner 53,100,12.08,43.9,22.54,2024-06-13T13:43:53.761629
94fd544dbb192abc8c9c75b1ef41a4de,1-5592485849d766a01721e5b5ebf04bb0,Model 1,Owner 35,71,13.62,33.1,21.49,2024-06-13T13:43:54.782213
94fd544dbb192abc8c9c75b1ef41af12,1-e01a6fe6f260270ccebd4f65cd7d090e,Model 1,Owner 56,99,13.43,44.45,23.07,2024-06-13T13:43:55.797203
94fd544dbb192abc8c9c75b1ef41b1e9,1-1d02f355af38dcbb9d717150a8ecdc08,Model 1,Owner 48,71,14.75,39.67,35.31,2024-06-13T13:43:56.811946
